{"cameraMode":{"drawMode":0,"name":"Shaded","section":"Shading Mode"},"sceneLighting":false,"audioPlay":false,"sceneViewState":{"showFog":true,"showMaterialUpdate":false,"showSkybox":false,"showFlares":true,"showImageEffects":true,"showParticleSystems":true,"showVisualEffectGraphs":true,"m_FxEnabled":true},"in2DMode":false,"pivot":{"x":0.039590850472450259,"y":0.5733180046081543,"z":0.0002448558807373047},"rotation":{"x":-0.00024297938216477633,"y":0.9997470378875732,"z":0.017997393384575845,"w":0.013497406616806984},"size":1.5331807136535645,"orthographic":false}