{"cameraMode":{"drawMode":0,"name":"Shaded","section":"Shading Mode"},"sceneLighting":false,"audioPlay":false,"sceneViewState":{"showFog":true,"showMaterialUpdate":false,"showSkybox":false,"showFlares":true,"showImageEffects":true,"showParticleSystems":true,"showVisualEffectGraphs":true,"m_FxEnabled":true},"in2DMode":false,"pivot":{"x":1.5833425521850587,"y":0.4999999701976776,"z":-0.2941790223121643},"rotation":{"x":-0.004910132382065058,"y":0.9722169041633606,"z":0.020099053159356118,"w":0.23327380418777467},"size":0.8660276532173157,"orthographic":false}