{"cameraMode":{"drawMode":0,"name":"Shaded","section":"Shading Mode"},"sceneLighting":true,"audioPlay":false,"sceneViewState":{"showFog":true,"showMaterialUpdate":false,"showSkybox":true,"showFlares":true,"showImageEffects":true,"showParticleSystems":true,"showVisualEffectGraphs":true,"m_FxEnabled":true},"in2DMode":false,"pivot":{"x":0.402901291847229,"y":0.880573034286499,"z":-0.02480900287628174},"rotation":{"x":-0.42458465695381167,"y":0.39156925678253176,"z":-0.21071478724479676,"w":-0.7887054681777954},"size":1.7002854347229005,"orthographic":false}