{"cameraMode":{"drawMode":0,"name":"Shaded","section":"Shading Mode"},"sceneLighting":false,"audioPlay":false,"sceneViewState":{"showFog":true,"showMaterialUpdate":false,"showSkybox":false,"showFlares":true,"showImageEffects":true,"showParticleSystems":true,"showVisualEffectGraphs":true,"m_FxEnabled":true},"in2DMode":false,"pivot":{"x":0.26562362909317019,"y":0.6255308389663696,"z":-13.85015869140625},"rotation":{"x":-0.0010720123536884785,"y":0.9967774152755737,"z":0.01314717996865511,"w":0.07940038293600083},"size":2.7873706817626955,"orthographic":false}