{"cameraMode":{"drawMode":0,"name":"Shaded","section":"Shading Mode"},"sceneLighting":false,"audioPlay":false,"sceneViewState":{"showFog":true,"showMaterialUpdate":false,"showSkybox":false,"showFlares":true,"showImageEffects":true,"showParticleSystems":true,"showVisualEffectGraphs":true,"m_FxEnabled":true},"in2DMode":false,"pivot":{"x":0.11659097671508789,"y":1.5717380046844483,"z":0.9835660457611084},"rotation":{"x":-0.003570612519979477,"y":0.9945109486579895,"z":0.09846815466880799,"w":0.03580498695373535},"size":2.6973021030426027,"orthographic":false}